{
  "ClientId": "Xv9tD2NjT/jp5z2RuAaP2nQM6I16j5pdiMncDEgoGM+vUxvgdQt/NIaPEtr+12hu",
  "ClientSecret": "9qX+LUVXhSI6nTF8GF29Bu2c2oQmLlaeANh/1sds8uVaBv7NXI1DJcK0mv3bA5Ec",
  "TenantId": "xjyAo2BzlAvaldrdh6QmnQ/tT3YD14LW6GEgPh3VPNVkFCfuw536Luzu8TVhOrIg",
  "KeyValutUrl": "XD4XO0UIDtfErjavPCD5EhkiCSMDyfZNXc6I3QQM4ZMyECQ7oYUI0qWEezlBtWBx4MHet3HviPtovK7qc87qGw==",
  "PlatformName": "v+FcScEKhgkPsv63ZwP8Jo34O87bcnmbYAc0JgxcgLg=",
  "DeviceRegisterUrl": "XD4XO0UIDtfErjavPCD5EqvRnd/UXXnDaIDsMDNNta72Uphg7zwAtL5Q/oH1O4NVXZa22ftE8LmrVYSsJ3UQILGxs9QmsZQ58BVFVyn9FhfG4DnLBsecdCbDL5nQ8aAA"
}